{"cameraMode":{"drawMode":0,"name":"Shaded","section":"Shading Mode"},"sceneLighting":true,"audioPlay":false,"sceneViewState":{"showFog":true,"showMaterialUpdate":false,"showSkybox":true,"showFlares":true,"showImageEffects":true,"showParticleSystems":true},"in2DMode":false,"pivot":{"x":-11.108871459960938,"y":1.2641911506652833,"z":0.7539665102958679},"rotation":{"x":-0.023097850382328035,"y":-0.6470441222190857,"z":0.019618546590209008,"w":-0.7618545293807983},"size":10.0,"orthographic":false}