{"cameraMode":{"drawMode":0,"name":"Shaded","section":"Shading Mode"},"sceneLighting":true,"audioPlay":false,"sceneViewState":{"showFog":true,"showMaterialUpdate":false,"showSkybox":true,"showFlares":true,"showImageEffects":true,"showParticleSystems":true},"in2DMode":false,"pivot":{"x":-54.2098274230957,"y":-13.212512969970704,"z":88.23478698730469},"rotation":{"x":0.062311310321092609,"y":-0.6785166263580322,"z":-0.057942312210798267,"w":-0.7296625375747681},"size":85.73651123046875,"orthographic":false}